{"assets/images/Facebook.png":["assets/images/Facebook.png"],"assets/images/GAUGE.png":["assets/images/GAUGE.png"],"assets/images/GPS.png":["assets/images/GPS.png"],"assets/images/Instagram.png":["assets/images/Instagram.png"],"assets/images/LCD.png":["assets/images/LCD.png"],"assets/images/LED.png":["assets/images/LED.png"],"assets/images/LEDBUS.png":["assets/images/LEDBUS.png"],"assets/images/LinkedIn.png":["assets/images/LinkedIn.png"],"assets/images/WhatsApp.png":["assets/images/WhatsApp.png"],"assets/images/all.png":["assets/images/all.png"],"assets/images/arrow.png":["assets/images/arrow.png"],"assets/images/art2.png":["assets/images/art2.png"],"assets/images/avatar.png":["assets/images/avatar.png"],"assets/images/banner_1.png":["assets/images/banner_1.png"],"assets/images/banner_2.png":["assets/images/banner_2.png"],"assets/images/banner_3.png":["assets/images/banner_3.png"],"assets/images/banner_4.png":["assets/images/banner_4.png"],"assets/images/banner_5.png":["assets/images/banner_5.png"],"assets/images/blueArrow.png":["assets/images/blueArrow.png"],"assets/images/destination_map_marker.png":["assets/images/destination_map_marker.png"],"assets/images/ga.png":["assets/images/ga.png"],"assets/images/green-turn-on.png":["assets/images/green-turn-on.png"],"assets/images/greenArrow1.png":["assets/images/greenArrow1.png"],"assets/images/greenarrow.png":["assets/images/greenarrow.png"],"assets/images/icon_3.png":["assets/images/icon_3.png"],"assets/images/lable.png":["assets/images/lable.png"],"assets/images/logo.png":["assets/images/logo.png"],"assets/images/logoXl.png":["assets/images/logoXl.png"],"assets/images/logoxxl.png":["assets/images/logoxxl.png"],"assets/images/maintenance.png":["assets/images/maintenance.png"],"assets/images/maintenancePaper.png":["assets/images/maintenancePaper.png"],"assets/images/map.png":["assets/images/map.png"],"assets/images/mvt2.png":["assets/images/mvt2.png"],"assets/images/no_internet_check.png":["assets/images/no_internet_check.png"],"assets/images/notif_icon.png":["assets/images/notif_icon.png"],"assets/images/paper.png":["assets/images/paper.png"],"assets/images/parking.png":["assets/images/parking.png"],"assets/images/pdfdownload.jpg":["assets/images/pdfdownload.jpg"],"assets/images/recent.png":["assets/images/recent.png"],"assets/images/red-turn-off.png":["assets/images/red-turn-off.png"],"assets/images/redTruck.png":["assets/images/redTruck.png"],"assets/images/redarrow.png":["assets/images/redarrow.png"],"assets/images/report.png":["assets/images/report.png"],"assets/images/reportCover.jpg":["assets/images/reportCover.jpg"],"assets/images/search.png":["assets/images/search.png"],"assets/images/searching.gif":["assets/images/searching.gif"],"assets/images/startMarker.png":["assets/images/startMarker.png"],"assets/images/suivi.png":["assets/images/suivi.png"],"assets/images/trackAssets.png":["assets/images/trackAssets.png"],"assets/images/trackAssets1.png":["assets/images/trackAssets1.png"],"assets/images/trips.png":["assets/images/trips.png"],"assets/images/truck.png":["assets/images/truck.png"],"assets/images/truckExplore.png":["assets/images/truckExplore.png"],"assets/images/truckExplore1.png":["assets/images/truckExplore1.png"],"assets/images/truckExplore2.gif":["assets/images/truckExplore2.gif"],"packages/cupertino_icons/assets/CupertinoIcons.ttf":["packages/cupertino_icons/assets/CupertinoIcons.ttf"],"packages/font_awesome_flutter/lib/fonts/fa-brands-400.ttf":["packages/font_awesome_flutter/lib/fonts/fa-brands-400.ttf"],"packages/font_awesome_flutter/lib/fonts/fa-regular-400.ttf":["packages/font_awesome_flutter/lib/fonts/fa-regular-400.ttf"],"packages/font_awesome_flutter/lib/fonts/fa-solid-900.ttf":["packages/font_awesome_flutter/lib/fonts/fa-solid-900.ttf"],"packages/neon/lib/fonts/Automania/Automania.ttf":["packages/neon/lib/fonts/Automania/Automania.ttf"],"packages/neon/lib/fonts/Beon/Beon.otf":["packages/neon/lib/fonts/Beon/Beon.otf"],"packages/neon/lib/fonts/Cyberpunk/Cyberpunk.ttf":["packages/neon/lib/fonts/Cyberpunk/Cyberpunk.ttf"],"packages/neon/lib/fonts/LasEnter/LasEnter.ttf":["packages/neon/lib/fonts/LasEnter/LasEnter.ttf"],"packages/neon/lib/fonts/Membra/Membra.ttf":["packages/neon/lib/fonts/Membra/Membra.ttf"],"packages/neon/lib/fonts/Monoton/Monoton-Regular.ttf":["packages/neon/lib/fonts/Monoton/Monoton-Regular.ttf"],"packages/neon/lib/fonts/Night-Club-70s/Night-Club-70s-Bold.ttf":["packages/neon/lib/fonts/Night-Club-70s/Night-Club-70s-Bold.ttf"],"packages/neon/lib/fonts/Night-Club-70s/Night-Club-70s-Regular.ttf":["packages/neon/lib/fonts/Night-Club-70s/Night-Club-70s-Regular.ttf"],"packages/neon/lib/fonts/Samarin/Samarin.ttf":["packages/neon/lib/fonts/Samarin/Samarin.ttf"],"packages/neon/lib/fonts/TextMeOne/TextMeOne-Regular.ttf":["packages/neon/lib/fonts/TextMeOne/TextMeOne-Regular.ttf"]}