[{"family":"MaterialIcons","fonts":[{"asset":"fonts/MaterialIcons-Regular.otf"}]},{"family":"packages/cupertino_icons/CupertinoIcons","fonts":[{"asset":"packages/cupertino_icons/assets/CupertinoIcons.ttf"}]},{"family":"packages/font_awesome_flutter/FontAwesomeBrands","fonts":[{"weight":400,"asset":"packages/font_awesome_flutter/lib/fonts/fa-brands-400.ttf"}]},{"family":"packages/font_awesome_flutter/FontAwesomeRegular","fonts":[{"weight":400,"asset":"packages/font_awesome_flutter/lib/fonts/fa-regular-400.ttf"}]},{"family":"packages/font_awesome_flutter/FontAwesomeSolid","fonts":[{"weight":900,"asset":"packages/font_awesome_flutter/lib/fonts/fa-solid-900.ttf"}]},{"family":"packages/neon/Monoton","fonts":[{"asset":"packages/neon/lib/fonts/Monoton/Monoton-Regular.ttf"}]},{"family":"packages/neon/Automania","fonts":[{"asset":"packages/neon/lib/fonts/Automania/Automania.ttf"}]},{"family":"packages/neon/Beon","fonts":[{"asset":"packages/neon/lib/fonts/Beon/Beon.otf"}]},{"family":"packages/neon/LasEnter","fonts":[{"asset":"packages/neon/lib/fonts/LasEnter/LasEnter.ttf"}]},{"family":"packages/neon/TextMeOne","fonts":[{"asset":"packages/neon/lib/fonts/TextMeOne/TextMeOne-Regular.ttf"}]},{"family":"packages/neon/Night-Club-70s","fonts":[{"asset":"packages/neon/lib/fonts/Night-Club-70s/Night-Club-70s-Bold.ttf"},{"asset":"packages/neon/lib/fonts/Night-Club-70s/Night-Club-70s-Regular.ttf"}]},{"family":"packages/neon/Membra","fonts":[{"asset":"packages/neon/lib/fonts/Membra/Membra.ttf"}]},{"family":"packages/neon/Samarin","fonts":[{"asset":"packages/neon/lib/fonts/Samarin/Samarin.ttf"}]},{"family":"packages/neon/Cyberpunk","fonts":[{"asset":"packages/neon/lib/fonts/Cyberpunk/Cyberpunk.ttf"}]}]